<?xml version="1.0" encoding="utf-8"?>

<extension type="plugin" version="3.0" method="upgrade" client="administrator" group = "system">
    <name>JshopPostalBlank</name>
    <author>Kitaigorodskiy Maksim Yrievich</author>
    <creationDate>20.02.2017</creationDate>
    <authorEmail>kitaigorodskiy@mail.ru</authorEmail>
    <authorUrl>https://postalblank.ru</authorUrl>
    <copyright>Информация о копирайте</copyright>
    <license>Информация о лицензии</license>
    <version>1.0.0</version>
    <description>Плагин автозаполнения почтовых бланков</description>

    <scriptfile>install.php</scriptfile>

    <files>
        <filename plugin="JshoppPostalBlank">JshoppPostalBlank.php</filename>
        <filename>Img_Russian_Post_20px.png</filename>
        <filename>postalblank.php</filename>
        <filename>index.html</filename>
    </files>

    <config>
        <fields name="params">
            <fieldset name="basic">
                <field
                        name="mysecretkey"
                        type="text"
                        default=""
                        label="Лицензионный ключ"
                        size="38"
                        description="Введите сюда ключ из вашего личного кабинета на https://postalblank.ru. Не сообщайте этот ключ третьим лицам">
                </field>
            </fieldset>
        </fields>
    </config>

</extension>